GPA,Gender,calories_day,comfort_food,comfort_food_reasons,cook,cuisine,diet_current,eating_changes,eating_out,employment,ethnic_food,exercise,fav_cuisine,fav_food,food_childhood,fruit_day,grade_level,healthy_meal,ideal_diet,income,marital_status,nutritional_check,on_off_campus,self_perception_weight,sports,type_sports,vitamins,weight
2.4,2,nan,none,we dont have comfort ,2,nan,eat good and exercise,eat faster ,3,3,1,1,Arabic cuisine,1,rice  and chicken ,5,2,looks not oily ,being healthy ,5,1,5,1,3,1,car racing,1,187
3.654,1,3,"chocolate, chips, ice cream","Stress, bored, anger",3,1,I eat about three times a day with some snacks. I try to eat healthy but it doesn't always work out that- sometimes eat fast food and mainly eat at Laker/ Egan ,I eat out more than usual. ,2,2,4,1,Italian,1,"chicken and biscuits, beef soup, baked beans",4,4,"Grains, Veggies, (more of grains and veggies), small protein and fruit with dairy ","Try to eat 5-6 small meals a day. While trying to properly distribute carbs, protein, fruits, veggies, and dairy.  ",4,2,4,1,3,1,Basketball ,2,155
3.3,1,4,"frozen yogurt, pizza, fast food","stress, sadness",1,3,"toast and fruit for breakfast, salad for lunch, usually grilled chicken and veggies (or some variation) for dinner",sometimes choosing to eat fast food instead of cooking simply for convenience,2,3,5,2,italian,3,"mac and cheese, pizza, tacos",5,3,usually includes natural ingredients; nonprocessed food,i would say my ideal diet is my current diet,6,2,4,2,6,2,none,1,I'm not answering this. 
3.2,1,3,"Pizza, Mac and cheese, ice cream",Boredom,2,2,"College diet, cheap and easy foods most nights. Weekends traditionally, cook better homemade meals  ",Accepting cheap and premade/store bought foods,2,3,5,3,Turkish ,1,"Beef stroganoff, tacos, pizza",4,4,"Fresh fruits& vegetables, organic meats ","Healthy, fresh veggies/fruits & organic foods ",6,2,2,1,5,2,nan,1,"Not sure, 240"
3.5,1,2,"Ice cream, chocolate, chips ","Stress, boredom, cravings ",1,2,I try to eat healthy but often struggle because of living on campus. I still try to keep the choices I do make balanced with fruits and vegetables and limit the sweats. ,I have eaten generally the same foods but I do find myself eating the same food frequently due to what I have found I like from egan and the laker. ,2,2,4,1,Italian ,3,"Pasta, chicken tender, pizza ",4,4,"A lean protein such as grilled chicken, green vegetables and  brown rice or other whole grain ",Ideally I would like to be able to eat healthier foods in order to loose weight. ,6,1,3,1,4,1,Softball,2,190
2.25,1,3,"Candy, brownies and soda.","None, i don't eat comfort food. I just eat when i'm hungry.",3,nan,My current diet is terrible. I barely have time to eat a meal in a day. When i do eat it's mostly not healthy.,Eating rice everyday. Eating less homemade food.,1,3,4,2,African,3,"Fries, plaintain & fried fish",2,2,"Requires veggies, fruits and a cooked meal. ",My ideal diet is to eat 3 times a day including breakfast on time. Eat healthy food. ,1,2,1,1,5,2,None.,2,190
3.8,2,3,"Chocolate, ice cream, french fries, pretzels","stress, boredom",2,1,"I eat a lot of chicken and broccoli for dinner, and usually tuna sandwiches for lunch.",I started eating a lot less and healthier because I wasn't playing sports year round anymore.,2,3,5,1,Thai,1,"grilled chicken, hamburgers",4,4,"Protein, vegetables, fruit, and some carbs","I would ideally like to eat more fresh fruits and vegetables. However, its difficult to get to the store all the time to buy fresh.",4,1,4,2,4,1,soccer,1,180
3.3,1,3,"Ice cream, cheeseburgers, chips.","I eat comfort food when im stressed out from school(finals week), when I`m sad, or when i am dealing with personal family issues.",3,1,"I eat a very healthy diet. Ocassionally, i will eat out and get unhealthy food.","Freshmen year i ate very unhealthy, but now it is much healthier because of self control.",2,2,2,2,Anything american style.,1,"chicken, cheesey potatoes, and hot dogs",5,2,A healthy meal has a piece of meat followed by a lot of fruit and veggies,My ideal diet is filled with a lot of fruit and chicken. I also really enjoy eggs any type of way with toast.,5,1,4,1,3,2,none,2,137
3.3,1,nan,"Donuts, ice cream, chips",Boredom ,3,1,I eat whatever I want in moderation.,I snack less,5,2,5,nan,Seafood,3,"Shrimp, spaghetti",4,1,Colorful,The same as it is now.,5,2,2,1,4,2,none,2,180
3.3,1,3,"Mac and cheese, chocolate, and pasta ","Stress, anger and sadness ",3,1,"I eat healthy all the time when possible. I treat myself occasionally. I don't really like the greasy meals, if anything I would eat sweets over the greasy meals.  ",I cook a lot of my own foods back at home so not being able to cook my own healthy choices. I eat more carbs than normal when I'm at college due to the choices given in the cafe. ,3,3,5,1,Italian ,1,"Pasta, Eggs, Pancakes ",5,1,Chicken and rice with a side of veggies. ,"Lots of protein, carbs, and fruits and veggies. ",4,2,5,1,3,1,field hockey,1,125
3.5,1,3,"Pasta, grandma homemade chocolate cake anything homemade ",Boredom ,1,1,i eat very healthy. Maybe eat out 1-2 times a week.,Nun ,2,1,5,1,Orange chicken and chow mani noodles ,1,Chicken,5,3,"Chicken, and veggies ","Chicken, fish ",3,1,2,3,1,1,soccer,2,116
3.904,1,4,"chocolate, pasta, soup, chips, popcorn","sadness, stress, cold weather",3,1,"I am very health concious. I eat many fruits, veggies, and protiens. ",Less meat. ,1,2,5,1,Italian,1,Scalloped potatoes and ham ,5,2,"lean protein, veggies, fruit, complex carbs",More healthy varienty. ,5,2,5,1,2,1,Running,1,110
3.4,2,3,"Cookies, popcorn, and chips","Sadness, boredom, late night snack ",5,1,I focus mostly on proteins and fruits. I eat a lot less vegetables and a few carbohydrates.,I have been eating a lot more salads and soups.,1,3,4,3,Chinese ,3,"Pizza, chicken wings, and corn on the cob ",4,1,A salad with a reasonable amount of dressing and a meat.,My ideal diet would be the proper portions of all food categories. I would also like to eat proteins around my workouts and avoid all deserts.,5,2,2,1,5,1,Soccer and basketball ,2,264
3.6,1,3,"ice cream, cake, chocolate","stress,  boredom, special occasions",2,1,Not as healthy when I am at school compared to home. Still very aware of the nutrition I am taking in.,not as healthy because healthy food goes bad quickly and it is expensive,4,2,5,2,italian,1,"steak, lasagna, crab",5,3,Lots of vegetabls with some grains like rice. Also has lean meat such as fish or chicken.,organic/healthy. fruits and vegetables but still protein to give sustainance. ,5,2,2,2,3,1,intramural volleyball,2,123
3.1,2,3,"Pizza, fruit, spaghetti, chicken and Potatoes  ","Friends, environment and boredom",3,1,"Making sure I have enough protein intake, as well with fibre, vitamins and carbs. ","I knew I would eat alot my freshmen year, before coming to college i had a diet plan. ",2,3,4,2,Chinese ,3,Pizza,5,3,Green and not greasy,"Eat a little less than I usually do, and intaking more protein. ",5,1,2,2,3,1,Hockey,1,185
nan,2,nan,"cookies, donuts, candy bars",boredom,4,1,I like a lot of foods that arent home cooked or healthy for you.,none,4,3,1,1,italian food,2,pizza,3,1,"chicken, veggies, rice",I wish I ate lots of healthy foods like veggies and salads. ,4,2,1,1,2,1,Hockey,2,180
4,1,3,"Saltfish, Candy and Kit Kat ",Stress ,3,nan,I eat very healthy ,More Water ,1,2,2,2,Jamaican ,1,"Curry, Stew Chicken and Saltfish",5,1,"Not too much carbs, a lot of protein, healthy fats and fruits and vegs ",Vegetables and Fruits with Meat ,1,2,4,1,3,2,nan,1,145
3.6,2,3,"chips, cookies, ice cream","I usually only eat comfort food when I'm bored, if i am doing something, i can go for hours without eating ",3,1,My current diet is eggs and a meat every morning for breakfast. For lunch ill usually have some pasta or rice with a meat and sometimes a side of veggies. for dinner i usually eat less carbs and more protein and veggies. ,"I would say i just eat a little more, but not in a bad way. I have unlimited swipes at the cafe so instead of snacking on chips before lunch or dinner i will get something from the cafe.",2,3,4,1,American or Italian ,3,"chicken fingers, steak, mac and cheese",3,1,"for me usually a big piece of chicken or steak with a side of veggies, and i usually have rice with mine as well","I like how my diet it now. However, after my season i am going to cut back on some carbs because i won't be working out as much.",6,2,4,1,2,1,hockey,2,170
3.4,1,3,"Chocolate, ice crea ","Sadness, stress",3,1,I eat lots of fruit and veggies. I eat lots of chicken.,I ate at the food hall.,3,2,1,3,Chicken ,3,Chicken,5,2,Everything from food group ,Lots of fruit and veggies. Lots of chicken.,5,2,2,1,3,2,dancing ,1,135
2.2,2,2,"pizza, wings, Chinese","boredom, sadness, hungry",4,1,Current diet right now isn't very good. I eat at the school's cafeteria and they do not have the best choices.,None really,2,3,3,2,Italian,1,manacotti,2,1,"lots of fruits and vegitibles, not any fried foods",Something that tastes good and also is good for you. This is very hard to find though.,5,1,1,1,4,nan,basketball,2,165
3.3,2,3,"Fast food, pizza, subs","happiness, satisfaction",5,1,"I eat 2 meals a day, lunch and dinner",Late night food,4,2,4,1,Mexican,3,"pizza, chicken fingers",2,2,"Rice, Meat, vegetable",3 smaller meals a day,6,1,2,1,6,1,Soccer,2,175
3.87,2,3,"chocolate, sweets, ice cream",Mostly boredom,3,3,"Random. Not strict diet, changes during season","Less money, less food :(",1,2,3,1,Indian,2,Pasta,3,4,Green and colourful,"Mix of Mexican, Asian, and Italian foods.",6,2,4,1,2,1,Tennis,2,195
3.7,2,3,"burgers, chips, cookies","sadness, depression ",5,2,balanced ,got worse ,1,2,3,1,italian ,1,pasta,4,1,"pasta. veg, water ","fruit, veg and protien ",6,1,3,1,2,1,tennis soccer gym,1,185
3.7,2,3,"Chilli, soup, pot pie",Stress and boredom ,4,1,2 meals a day. Rarely eat snacks. Fairly balanced diet. ,Drink coffee all the time. ,2,2,5,3,Asian ,1,Chicken Nuggets,3,3,"Protein, vegetables, grains ",3 healthy meals a day. No caffiene. ,4,1,2,1,3,1,Gaelic Football,1,185
3.9,1,2,"Soup, pasta, brownies, cake","A long day, not feeling well, winter ",1,1,I eat a lot of chicken and try to cook my own meals as much as possible using a lot of rice and vegetables.,"I watch the amount of ""snacks"" I eat more than I did in high school.",4,3,4,nan,Chinese,1,Spaghetti ,4,3,A healthy meal is a lean meat with mostly vegetables and a starch like brown rice or quinoa.,I would like to be a person to eat a larger vegetable based diet with little to no processed products in my diet especially sugar and salt.,4,2,2,1,4,2,none,2,105
2.8,1,3,"chocolate, ice cream/milkshake, cookies",boredom,3,1,"vegetarian, eat breakfast some days before class, can eat a lot of junk food so I refrain from allowing myself to buy any","none, I have dormed since high school",2,3,2,1,don't have one,3,"Chicken parm, beef stroganof, tacos",4,1,"good portions, lots of color, targets main food groups","healthy, colorful, tasty, room for desserts",6,1,4,1,3,1,Ice hockey,2,125
3.7,2,2,"Chips, ice cream, microwaveable foods ","Boredom, lazyniss ",3,1,"Most healthy diet, but since I'm an athlete have room for some bad foods to burn off quickly ",Tend to eat more fried foods ,2,2,2,1,Italian food ,1,"Chicken Parm, Pizza ",3,2,"A rice, a vegetable, a piece of meat ","Very healthy diet, and to cook at home with organic foods. ",5,2,2,1,2,1,Hockey,2,160
3,2,4,"Chicken fingers, pizza ",Boredom ,4,1,Very healthy. Good balance of proteins and vegetables ,A lot healthier ,2,3,3,1,Mexican ,1,Steak,5,1,"Salad, vegetable, carb, protein ",My current diet,6,2,4,1,2,1,Lacrosse ,1,175
3.2,2,2,"cookies, hot chocolate, beef jerky","survival, bored",2,2,Whats necessary for survival.  ,Too much beef jerky,2,2,2,2,Italian/German,1,"Deer Steak, Buttered Pasta, Garlic Pasta",3,3,"Protein, vegetable and grains",Steak and Burgers,5,1,5,1,3,2,nan,1,180
3.5,2,2,"Tomato soup, pizza, Fritos, Meatball sub, Dr. Pepper","Boredom, anger, drunkeness",3,nan,anything and everything,Eating less vegetables because they are less available to me. ,5,3,5,2,Indian food - samosas are amazing,1,"Crab legs, Mushroom soup, homemade rolls",5,3,"Grilled chicken, mac and cheese, broccoli, apple, milk","Heavy in protein, fruits, and vegetables. ",5,1,2,1,2,2,nan,1,167
4,1,3,"cookies, mac-n-cheese, brownies, french fries, ","stress, boredom, cold weather",3,1,I eat some vegetables almost everyday and fruit a couple of times a week. I eat meat a few times a week. I dont eat fast food and try to limit fried food.,I drink way more coffee and I dont eat at home as often.,3,2,4,2,mexican,2,"french fries, waffles, chocolate",3,4,"whole grain carbs, vegetables, a small amount of protein",I would eat enough fruits and vegetables everyday. I would have home cooked food at least 5 days a week. I wouldnt like sugar so much.,5,2,4,3,3,1,snowboarding,1,115
4,2,3,"chips and dip, pepsi, ","stres, boredom, and nighttime",2,1,"Diet consists of 3000-4000 calories a day well rounded from meats, vegetables, and fruit.",none,2,3,5,2,italian,1,chicken and biscuits,5,2,"4-6 ounces chicken or fish, side of potatoes, and green beans","diet of 1500-2000 calories of white meat, vegetables, and fruit that are all fresh and not processed",4,1,4,4,4,2,none organized,1,205
3.4,2,3,"Grandma's Chinese, Peruvian food from back home, and sushi",Hunger and Boredom ,5,nan,"Not that balanced, but I try not to eat fatty or fried foods.",I eat more junk food now.,3,2,5,nan,Spanish,nan,"Spaghetti, Chicken, Won Tons",4,4,Plenty of greens and lean proteins,"Plenty of protein, carbs from vegetables and fruits, and healthy fats.",5,1,4,1,4,1,Soccer,1,nan
2.8,1,3,"Ice cream, cookies,  Chinese food, and chicken nuggets ","boredom, sadness, and if it has a good taste. ",4,2,I eat a a lot of carbs from pizza and pasta. I also eat a lot of cookies. ,I eat more junk food,2,3,4,3,Italian ,1,"Chicken Nuggets, Mac and Cheese, and pasta",3,1,A balance of vegetables and cooked lean meat.,my ideal diet would be more fruits and vegetables. Also less desserts. ,3,1,4,1,3,2,nan,1,128
3.65,1,3,"french fries, chips, ice cream","boredom, stressed, sad",4,1,egan dining,poor,3,3,2,1,French,3,"hamburgers, chicken nuggets ",5,1,a lot of greens,healthy and protien,6,1,4,1,2,1,softball,1,150
3,1,2,"mac n cheese, peanut butter and banana sandwich, omelet",Boredom usually,1,1,"A lot of rice and veggies, eggs for breakfast, chicken is usually the only kind of meat I eat.",My diet is more limited just because of what I have time to make,2,3,2,1,American or Italian,1,"chicken, pasta, stir fry",5,3,"Some kind of protein, a vegetable, and a grain",Pretty much what I eat now,4,2,2,2,2,1,Lacrosse,2,150
3.7,1,3,"pizza, doughnuts, mcdonalds ",boredom,3,nan,"I eat out more often then not. I try to make sure when I eat out it isn't fast food, but instead something healthy like Panera. ",I do not snack as often at school. I find that I'm always busy so sometimes I don't have a lot of time to eat. ,4,2,4,1,Italian or Chinese ,3,"pizza, pasta, grilled cheese ",5,2,"a meal with a meat, vegetable, grain, and fruit ",I wish I had the time and energy to cook more at home on my own. ,6,1,3,1,4,1,Softball ,2,150
3.4,1,4,"chocolate, chips, candy",Stress,2,6,"I do not get to eat as well as I did.  I wish I ate better, but in college it is hard because of money.",I do not eat as many home cooked meals.,2,2,4,3,Italian,1,Pasta,3,4,"A protein, starch, veg, and a healthier dessert. ",I would like to get all of the food groups in each day.  ,6,2,4,1,4,1,Dancing,2,170
3.89,1,3,"chocolate, popcorn, ice cream","boredom, stress",3,1,I eat three meals per day usually. I eat a lot of sandwiches and fruit.,I have eaten bigger meals.,2,3,4,2,italian,1,chicken parmesan,4,4,a lean protein plus the addition of 2-3 fruits and vegetables,My ideal diet would be eating multiple fruits and vegetables at each meal. Also I would only eat lean protein if possible.,5,2,4,1,4,1,Lacrosse,2,150
3,2,nan,"CandyPopChocolate Chipotle Moe's ",No reasons ,5,1,Unhealthy foods from the cafe ,I eat more ,5,3,3,1,Mexican ,1,Chicken and steak ,5,4,Chicken breast with veggies ,"Red and white meats, potatoes, green beans ",6,2,1,2,1,1,Hockey,2,175
3.4,2,3,"Pizza, Ice cream, fries, cereal, cookies  ",Usually if I'm sad or depressed. ,3,1,"I will eat a full bleakest every morning consisting of eggs, potatoes, and a type of meat with juice. I will have a sandwich or something light for lunch. For dinner I will have meat and vegetables of some sort.  ",I eat pretty much the same as I use too. I do have more sweets now though. ,2,3,4,1,Italian ,1,"pizza, ice cream. pop tarts ",3,1,A meal with all of the food groups. ,Idealy I would have basically the same breakfast as I do now just with more fruits. For lunch I would have more vegetables and fruits. For dinner I would have the same.   ,6,1,3,1,2,1,wrestling ,2,140
2.9,1,4,"Ice cream, chocolate, twizzlers ",Tired ,2,1,I eat food ,I do not make my own food very much,4,2,4,1,Italian ,1,Mac cheese ,5,2,a salad with chicken and 2 tablespoons of salad dressing ,I to eat enough food to sustain me throughout the entire day ,3,1,4,1,6,2,nan,1,120
3.6,1,3,"ice cream, cookie dough, cookies, cheese","Boredom!, sadness",4,1,"Light breakfast, yogurt or grandola bar. No luch but (healthy) snacks throughout this time period until dinner. Full dinner with meat, vegetables and fruit.",I do not make my own food,2,2,3,nan,Italian,1,"French Toast, Grilled Cheese, Orange Chicken",5,2,"Grilled chicken, side salad, rice and broccoli and cranberries",Same as above but with a more concrete lunch. Cut down on excessive snacking. ,6,1,1,1,3,2,nan,2,135
3.5,1,2,"ice cream, cereal, and salt and vinegar chips ","All of the above; sadness, boredom and confusion ",3,1,"It needs some re-structuring. Mostly, I eat well but I would like to improve on my water, fruit and veggie consumption. ","Now I prepare my own meals, pack my lunch every day and avoid eating out to save money as much as possible.",1,nan,5,nan,chinese,3,"pickles, chinese food, pizza",4,3,It is probably more on the green side and there is less fryed or overly seasoned food. There would be more organic foods rather than processed foods. ,"My ideal diet involves organic foods, more nuts, fruits, veggies and water and a complete absence of processed foods, genetically enhanced foods or fast foods. My ideal diet would be one that involves foods that are grown by me or close to me and one that is essentially best for my health.",3,2,3,nan,nan,2,no particular engagement ,1,100
3.2,1,4,"Potato chips, ice cream, chocolate, cookies","Stress, boredom, craving",1,1,"I am on a very balanced diet, eating 4-5 small meals a day filled with fruits, vegetables, lean meat, and good carbs. ","I haven't changed much. If anything, I have become more disciplined. ",2,2,5,1,Thai food,1,"Mac and Cheese, Hot Dogs, Grilled Cheese",5,4,Mostly green!,"My ideal diet would be to be a vegetarian; however, considering my highly active lifestyle island strength requirement I need as much ""real"" protein I can get. ",5,1,4,2,3,1,Volleyball,1,170
3.605,1,3,"Mac and cheese, fried chicken, cornbread ","Hunger, boredom",3,1,"Healthy, includes many fruits and vegetables. Probably too many carbs. ",I eat smaller portions more often,2,2,5,nan,Greek,1,"Hamloaf, tuna fish salad, mac and cheese ",5,2,Colorful ,"The same as my current diet, maybe less carbs. ",6,2,2,1,1,2,none,2,113
3.8,2,2,"popcorn, chips, candy, & fries ","sadness, boredom, & anger ",3,1,At school I eat a lot of pizza or burgers with fries. Occasionally I try to have a salad or a fruit juice with this. I also try to eat more of a home cooked meal with vegetables.,Eating more pizza and burgers or fast food.  ,2,2,4,2,Italian ,1,"chicken soup,  perogies, & roast beef  ",4,1,A meal that you have cooked yourself without a lot of grease or fat in it.  ,More of a home cooked meal that is not very greasy. Also includes more fruits and vegetables. ,4,1,3,1,3,1,soccer ,2,168
2.8,2,nan,"Chex-mix, Wegmans cookies, Cheez-Its ","Boredom, happiness, distraught ",4,1,lots of pasta and carbs along with lean meats. Also at time some soda and junk food,Cereal became an anytime of day food,2,nan,3,1,Italian ,3,"lasagna, meatloaf, pizza",5,1,"good balance between meats, grains, fruits, vegetables, carbs, and dairy products ",To cut out the junk food and eat more meat and less pasta. Also eat more fruits and vegetables  ,6,1,2,1,2,1,wrestling & rowing,2,145
3.5,2,nan,"pizza, ice cream, chips","stressed, upset, or just craving a cheat meal",4,1,"My current diet consists of cafeteria food, which isn't necessarily ideal. I try to eat as healthy as possible but I find myself turning to unhealthy food more often than healthy.",Transitioning from home-cooked meals to cafeteria food,2,3,4,1,Asian ,1,"Tacos, Spaghetti, and Roast",5,2,one that is well balanced and consists on main food groups,One that consists of a lot of mean and also fruits and vegetables. Drink a lot of water as well.,5,1,3,1,1,1,Wrestling,1,155
3.83,2,3,"fried chicken. mashed potatoes, mac and cheese",They taste better than other food. They are a pickme up. They are easy to make,3,2,I eat alot carbs. Protein (meat) is beautiful.,I definitely eat less veggies. ,2,nan,3,2,Italian ,1,"mac and cheease, mashed potatoes, salmon",3,3,lots of green and color.,I would eat more veggies with a equal balance of carbs and protein. More international flavors would be great.,3,2,2,1,1,2,none,2,150
3.6,2,3,"Popcorn, Chex Mix, Pizza","Stress, boredom",5,1,Healthier than most but not 100% clean.,I have started eating a lot healthier.,2,3,2,1,American,2,Pizza,4,3,"Balance of veggies, white meat, fruits, and grains.","No artificial sugars, only natural foods.",1,1,5,3,3,2,nan,2,169
3.3,2,4,Burger,Lazy,3,1,Great ,Mediocre ,3,3,5,1,All ,1,Steak ,5,2,Chicken ,Organic ,6,1,5,1,2,1,Hockey,1,185
3.3,2,4,"Pizza, chocolate, and ice cream ","Boredom, sadness and anger ",1,1,My diet is mostly chicken rice and veggies. I mix in fruit between workouts and snacks like power bars and what not. ,I eat very bad on the weekends. ,5,nan,4,1,Mexican ,1,"Grilled chicken, pasta, and turkey ",5,2,Low carbs and high protein ,One that maintains my goal weight. But also produces enough daily energy. ,5,1,5,1,2,1,Lacrosse ,2,200
3.292,2,nan,"fries, chips, fried chicken, pizza, grapes","Boredom, sadness",4,1,65 and out,nan,3,nan,3,nan,Sub sandwhiches,3,"Chicken, Pizza, Cherry tomatoes",4,4,"Grilled, natural ingredients, and no carbonated beverages",Blend of instant gratification and healthy choices sourced sustainably,3,1,1,3,4,2,nan,1,265
3.5,2,3,"peanut butter sandwich, pretzals, garlic bread","stress, anger and boredom",1,2,Very healthy and clean. A lot of protein and vegetables,I eat a lot more healthier,3,3,5,1,Italian,1,Chicken Alfredo,5,2,High protein and vegetables,Clean diet. High protein intake.,6,1,4,1,2,1,hockey,1,165
3.35,1,2,"chips, dip, fries, pizza","bored, stress",3,nan,What ever the dinning hall is serving. When i am hungry i look for something filling more then healthy. ,when i eat has changed alot. I have to eat at a certain time everyday or the dining hall wont have food.,5,3,3,1,italian,1,steak and cheesy potatoes,4,1,"the different colors of the rain bow. protein, fruit, veggies",My ideal diet is to eat less fast food in a week. Also to add something healthy like salad  to every meal or to have a salad for a meal. ,3,1,3,1,3,1,softball,2,192
3.8,2,4,"Pizza, Ice Cream, Chicken Wings",I usually only eat comfort foods when I am bored. I will also eat them when I am happy to celebrate and then when I am sad to comfort me.,3,1,I usually eat very healthy. I incorporate fresh fruits and vegetables into every meal.,I have begun to eat more fruits and vegetables because I have been more aware of my physique.,4,3,5,1,Thai,1,Meatloaf,5,4,Low protein and carbs and high in vegetables and fruits.,My ideal diet is to cut back on my meat intake and substitute it for other protein sources such as fish or tuna.,6,1,4,2,2,1,Hockey,1,175
2.8,1,4,Pizza chocolate chips bagels ice Capps ,Just cause ,2,1,I eat very heathy on a daily basis ,Really paid more attention to what I eat cause it is easy to gain ,3,2,2,1,Wraps ,3,Pizza pasta and quesadillas ,4,2,Chicken and broccoli ,"Fruits and vegetables, wheat bread, peanut butter, protein bars, protein shakes ",5,1,5,1,2,1,softball,1,140
3.5,1,3,"Chocolate, ice cream, pasta","Stress, boredom, sadness",1,2,"For breakfast I have oatmeal. For lunch I have a sandwich and fruit. For dinner I usually have a piece of meat, rice or pasta, and a vegetable. ",More easy meals like pasta.,2,2,5,2,Mexican,1,Steak,5,3,"Fruit, vegetables, and protien",Ideally my diet would be similar to what I eat now. If I wasn't on a college budget I could spend more money on nicer meat and vegetables which would make my meals a lot better.,5,1,2,2,3,1,Skiing,1,155
3.7,1,nan,Mac n Cheese. Chips and salsa. Ice cream. ,Boredom. Celebration. ,2,1,Simple breakfast of cereal or yogurt. Lunch is something like a deli meat sandwich. Dinner is a full meal. Veggies meat and starch. ,More snacking ,2,3,5,nan,Italian ,3,Mac and cheese ,5,4,Proper serving sizes of almost anything ,Less cheese than I eat. ,6,1,2,2,3,1,skiing ,2,155
3.6,1,4,"peanut butter, dessets, pretzels. ","Sadness, boredom, lonely.",2,1,"My diet consists of fruits, vegetables, grains, dairy, and proteins.",At first I ate less but now that I'm in season playing a sport I eat more.,5,3,5,1,Mexican ,1,lasagna,5,1,Half the plate fruit and vegetables. Other half grains and protein. Then a little dairy. ,The way I eat now I think is pretty good.,6,1,4,1,2,1,Water polo and running ,1,135
Personal ,1,2,"Macaroons, truffles, peanut butter n chocolate ice cream","I do not really eat ""comfort food"" but I guess sadness, special occasions, and anxiety ",2,nan,"My diet is pretty healthy and consists of chicken, turcky, and veggies. I rarely eat unhealthy food or fast food.","I have gotten healthier with my eating habits. As a result my parents starting eating healthier too, even though I do not live with them.",2,2,4,2,Mexican ,2,Chocolate,3,4,"chicken, veggies, fruit, water ","My ideal diet would be to add more fruits and veggies. Also, to go to the gym more but school gets in the way. ",4,2,4,3,2,2,nan,1,118
3.9,2,4,"ice cream, cookies, ice cream","boredom, sadness",3,1,I try to eat as healthy as possible. 3 meals a day that are well-balanced.,As an athlete it is important to fuel my body with important foods only.,5,2,2,1,Italian,1,"Pizza, Pasta, Chicken",4,4,"high protein, low fat, low carbs and sugar","High protein, low fat",6,1,4,1,2,1,Ice Hockey,1,210
2.6,1,4,"carrots and ranch, pretzels, dark chocolate ",sadness,3,2,"High in protein, fruits, and veggies. Low in fats.",nan,4,3,5,1,Italian ,1,"chicken tenders, pasta, mac&cheese ",5,3,"high protein, fruit, veggies, low carbs and fat",My ideal diet is my diet. ,5,2,4,1,2,1,rowing ,2,180
3.5,1,3,"cookies, nutella, ice cream, coffee, fruit ","Bordem, happiness, sadness",1,1,"I eat fruit and vetagables with every meal. I only drink water, no soda. I tend to stay away from greasy food. ","I ate more junk food, but also more fruit. ",3,2,4,1,Chinese cuisine (General Tso's),3,"chicken stir fry, spaghetti, chicken parmesan ",5,2,Meal prep'd foods with food from each section on the food pyramid. ,"I want to eliminate all the junk food I ate. Besides that, I want to keep my diet the same. ",2,2,4,1,4,1,Volleyball,1,140
3.2,1,nan,mac and cheese,boredom,2,2,"I don't follow a diet, I eat whatever I want","I snack more, having fewer full meals",3,3,3,2,Italian,3,"Mac and Cheese, Chicken nuggets",3,2,vegtables,"No, diet",6,2,1,1,2,2,None,2,112
3,1,3,"Chocolate, Popcorn, Icecream",sadness,2,1,"My current diet usually includes at least one serving of vegetables per day, and I usually am eating fruits and whole grain things. ","I eat more fried food, such as french fries.",2,3,3,nan,American ,1,Mac and cheese ,5,1,"Milk for a drink, meat, a grain, vegetable, fruit for dinner",My ideal diet is my mom's home cooking. It's always healthy and organic. ,4,2,4,1,2,1,tennis  ,1,125
3.6,1,2,"Ice cream, cake, mozzarella sticks, pierogies ",Boredom,4,1,I typically try to eat healthy but being away at school makes it harder. I try to avoid junk food as well and trying to only eat it on the weekends.,I eat a lot less than I did at home but find myself snacking more than actual meals. ,3,2,5,2,Italian ,1,"Mac&Cheese, Chicken Nuggets ",5,2,"It has protein, vegetables and some carbs ",I would like to get more protein in me. I would also like to eat healthier more consistently rather than here and there. ,5,2,2,1,2,1,"Recreational Basketball, Equestrian Team",2,144 lbs
3.2,1,3,"Chips, Mac and cheese, pizza, French fries ","Stress, sadness, bored ",3,1,My current diet is balanced and includes food from all the food groups. ,I don't eat as healthy because there aren't as many healthy options at the dinning hall. ,1,3,4,1,Italian ,1,"Pasta, pizza, meatballs ",5,1,"Balanced between protein, veggies, and carbs",My ideal diet is a diet that makes me feel good but also allows me to eat junk food once in a while. ,6,2,3,1,3,1,soccer,2,145
3.67,1,4,"Pizza, burritos, slim jims","Boredom, stress, and it tastes good",2,nan,I am not vegetarian. I love red meat like steak and salami. I try to limit the amount of carbs I eat,Freshman year I did not watch my diet at all and really let myself go. I ate pizza and fries for almost every meal. Summer following freshman year I knew I needed to stop doing that so I cut out as many refined carbs as I could and try to eat healthier portions.,2,3,2,2,Italian,1,"Steak, Garlic and butter noodles, schnitzle",3,3,"Well portioned meat, veggies, and fruits. Water instead of a sugary drink like pop. ",My ideal diet would be cutting out red meats and sticking to leaner meats like turkey or chicken. Also keeping refined carbs out of my diet would be ideal.,6,2,4,2,3,2,None,1,130
3.73,1,3,"Broccoli, spaghetti squash, quinoa, and grilled chicken","Bad day, bored, sadness",3,1,Healthy and light,I don't eat as often,1,2,5,2,Italian,1,Pizza and Spaghetti,5,3,"A vegetable, a protein, and a fruit",Healthy and light,3,2,2,1,3,1,Rec Volleyball,1,140
4,1,nan,"Chocolate, ice cream, cookie dough","Boredom, being in your period, and long bus rides for softball",2,1,"My meals consist of a vegetable, a meat and usually a carbohydrate. I eat a lot of fruit and snack in between meals on little things.",I tend to snack more and have smaller meals.,1,2,5,1,Italian ,1,Spaghetti ,5,3,"A balanced meal with a protein, carbohydrate and a vegetable.","I would like to eat less carbohydrates, such as pasta and breads. I wish I knew how to incorporate healthier alternatives to the foods I eat.",5,2,4,1,4,1,Softball,1,140
3.1,2,3,"pizza, pretzels, fruit snacks, deli sandwhich","boredom, anger, happy",3,1,I eat somewhat healthy. The food at egan is not the best.,I eat a lot less and more junk food.,1,2,4,2,Lean,2,Pizza Mac n Cheese Pasta,5,1,salad,I would like to consume a lot more meat and protein. I want to consume more fruit.,5,1,2,1,3,2,nan,1,140
2.71,2,2,nan,nan,2,4,nan,nan,1,3,3,2,nan,2,nan,4,3,nan,nan,3,4,2,2,3,2,nan,2,nan
3,1,3,"mac and cheese, potato soup, ice cream, chips and cheese","sadness, stressed, boredom",3,1,I normally eat a salad every day. I try to get at least every food group into my diet,I do not eat as many fruits and vegetables as I normally would as being home even though i do eat them still,2,2,5,1,italian ,1,"salad, chicken, pizza",5,1,"grilled meat, fruit, vegetable, and some grains",Eating all fruits and vegetables. Staying away from all the unhealthy foods.,5,2,4,1,3,2,I danced in high school,1,120
3.7,1,3,"chocolate, pizza, and mashed potatoes",boredom and stress,2,1,Current diet is rather poor.  I eat a lot of chicken and carbs.  I also tend to eat a lot of desserts.,"I eat less healthy breakfast now, usually just grab something quick like a granola bar.",2,2,2,2,american ,3,"pizza, mashed potatoes, chocolate chip cookies",4,4,a plate that has a variety of colors not just one color,"My idea diet would consist of eating more balanced diet consisting of fruits, vegetables, and meat.  I would like to not eat so much unhealthy junk food/desserts.",3,1,3,2,4,1,horse back riding,2,150
3.1,2,2,Pizza cookies steak ,Boredom comfort hunger ,2,1,Meat carbs and candy ,Expansion of eating variety ,2,2,1,2,American ,2,Pizza and wings ,3,4,Meat and potatoes ,Meat carbs and candy ,3,2,1,1,3,1,Basketball ,2,200
3,1,3,"chocolate, fruit, and ice cream","stress, boredom",2,1,"At school its hard but usually a granola bar and fruit for breakfast, a wrap for dinner or lunch, and then veggies and hummus.",not going to Egan every meal maybe once a day,2,2,3,1,Japanese,1,"tacos, pizza, chicken wing dip",5,2,"good portions of fruit, protein, veggies and carbs",To eat moderations of every food group each day and no processed food,5,2,4,1,3,1,competitive skiing,1,135
3.9,2,3,Chips sweets popcorn,Boredom,5,1,No diet. I eat what makes me feel good,More coffee less water ,1,3,5,1,Chinese,1,Sloppy joes,5,1,All food groups,Whatever makes me feel good. Doesnt cost a fortune. ,6,1,4,1,2,1,"Rowing, Running, and Cycling",2,145
3.4,1,2,"Cookies, burgers, chicken noodle soup, ice cream","happiness, hunger, sadness",3,1,If there is berries I will eat them.  Eat any kind of pasta.  Hate cooked vegetables,Less fruits and veggies,3,2,4,2,Italian,3,"Spaghetti and Meatballs, Steak, and Burgers",3,1,"All of the food groups(carbs, veggies, fruits,etc)",More fruits and Veggies.  Less carbs,4,1,2,1,3,2,nan,1,130
3.5,1,3,"cake, French fries, chicken nuggets","boredom, sadness",3,1,"I eat fruits, dairy and carbs ",convenience food ,3,3,4,1,Italian,1,"chicken fingers, pasta, pizza",4,4,all elements of food pyramid,a colorful diet,4,2,2,1,4,1,softball and basketball,2,190
3.7,1,nan,"pizza, ice cream, cookies",boredom,nan,1,I eat two-tree meals per day. Always eat a breakfast. ,Food is not as healthy. ,5,3,4,1,Italian,1,spaghetti and tacos,3,3,lots of colors,A good breakfast. A healthy lunch and dinner.,3,1,3,1,3,1,wrestling,2,170
3.7,1,3,"Mashed potatoes, pasta","Boredom, sadness, or with friends ",2,1,I eat healthy as well as unhealthy. I try to keep a balanced diet but often eat junk food with friends.,Eating at Egan or the laker has definitely made me gain weight because every time I go home and eat I lose weight. ,2,nan,5,nan,Any type of Colombian cuisine,1,Spaghetti or  chicken panini sandwich ,4,1,Has fruits vegetables and or some type of meat ,Delicious but also very healthy for you. Low in carbs but does not delete carbs all together.,1,nan,3,1,3,1,Marching Band,2,127
3.83,1,3,"Pasta dishes, Cheesecake, Pancakes","Sadness, Loneliness, Boredom",1,1,I eat a paleo based diet high in protein and low in fat. I stay away from processed foods as much as I can.,"Huge changes have occurred. I eat far healthier, less processed  food, less dense carbohydrates and way more vegetables and fruits.",2,3,5,1,Mexican cuisine,3,Spaghetti and Pop-tarts,5,2,Mostly vegetables and plenty of lean protein and healthy fats to keep you full,Staying away from processed foods completely and incorporating more plant proteins opposed to meat proteins would be ideals.,5,2,5,1,2,1,Collegiate Water Polo,1,167
2.6,1,3,"Ice cream, pizza, cookies",Mostly Stress,3,1,I try to eat something light for breakfast like cereal or an apple. For lunch I eat sandwiches or pasta also something somewhat light and I eat however much I'm hungry for at dinner. Sometimes I try to be healthy with a salad or something and then I get dessert ,I eat way too often and way too much x,3,2,3,3,Asian,3,"Pasta, breakfast for dinner, pizza",5,1,"Lots of Greens, meat and water","Healthy smoothies for breakfast, healthy sandwich for lunch. For dinner, something wholesome and also healthy. Then a light dessert.",6,2,3,1,3,2,None right now,1,140
3,1,3,"Chinese food, moes, sponge candy, homemade lasagne ","boredom, sadness ",2,1,Eat fruits and vegetables daily and with almost every meal. Diet mostly consists of meat as well. ,Less snacking ,1,3,4,2,Chinese food,3,"peanut butter and jelly, celery and peanut butter, hot pockets ",5,1,Small portion of meat with majority fruits or vegetables ,More organic food. Want to try and add more seafood into my diet.  ,6,1,5,1,4,1,"volleyball, lacrosse",1,190
3.2,2,3,"pizza, pasta, mac and cheese",when i am sad or craving,4,1,I try to eat healthy but sometimes drink soda pop and I enjoy desserts. harder to eat healthy when I am at school. ,"less healthy because of less options, money and time.",2,2,3,1,mac and cheese,2,pizza,4,2,lots of variety and veggies,Eating healthy with lots of water and natural foods. ,6,1,2,1,4,1,field hockey,1,155
3.5,2,4,"Little Debbie snacks, donuts, pizza",None,nan,1,High protein and high carbs with fruits and vegetables as needed,Willingly eating vegetables ,1,2,5,1,Mexican,1,"Quesadilla, chocolate, steak",4,3,"High protein, high carbs , vegetables ",Same as current diet ,2,1,5,1,2,2,nan,1,175
3.2,1,3,"carrots, plantain chips, almonds, popcorn ","stress, boredom, college as whole ",3,nan,"i currently eat a lot of salad, but do not eat 3 times a day nor eat breakfast ",I have been eating healthier especially vegetables and proteinous food ,2,2,5,1,Authentic Chinese and Vietnamese food ,1,"Jollof Rice, Bread, pasta ",5,3,"Healthy meal for me is a food rich in protein, fiber, some sort of carbohydrates",it would be a vegetarian diet without any red meat ,3,1,5,1,3,2,none ,1,129
3.68,2,4,"chips, ice cream, fruit snacks",boredom,4,nan,I used to eat whatever but since i've come to college i try to eat fruits and vegetables everyday. I also avoid fried foods.,i eat healthier all around,2,3,3,1,italian and chinese,1,"Chinese food, pizza, chicken adobo",5,1,"half a plate of protein, quarter of a plate of carbs and the other quarter fruits or veggies.","My ideal diet would be no processed food or fried food. Also, very low in excess carbs and high in protein.",6,1,2,1,4,1,Fotball,1,260
3.8,1,2,"Macaroni and cheese, chicken noodle soup, pizza",Boredom and stress,2,1,I eat very basic foods like pizza and pasta. I don't try many new things. ,"Home cooked meals and a lot more difficult to have at college. It's typically quick, on the go foods. ",3,2,2,2,American,3,"Pasta, chicken, pizza ",2,3,Very colorful and smaller portions of the unhealthy food with larger portions of vegetables ,Ideally I would eat more fruits and vegetables in my diet along with some junk food. ,6,2,3,2,3,2,crew,2,135
3.3,2,nan,"Chocolate, Chips, Ice cream, French Fires, Pizza","Stress, sadness, boredom",2,1,My diet consists of high levels of meats with some vegetables. Coexisting with varying levels of sugars ,I have increased the amounts of vegetables I eat due to the unhealthy options in our dining halls,5,2,1,3,Barbecue ,1,"Steak, Chicken Tenders, Pizza",1,3,Chicken Salad with Pita Chips,A balance between meats and vegetables with less sugar,3,2,2,1,4,1,"Football, Basketball, Volleyball, Golf",2,190
3.2,2,nan,"Mac and cheese, lasagna, Chinese food ","Boredom, sadness",4,1,Very poor. Heavy carb consumption. ,I eat alot of carbs and eat much more frequently,2,3,5,3,Italian,1,"Spaghetti, Italian potato soup",4,1,"Fruits, vegetables, meat ","Alot of fruits and veggies. Meat and bread. Water, because hydration is important kids",4,1,1,1,3,2,nan,2,165
3.75,2,3,"candy, Chinese, mcdonalds",laziness and hungover,2,nan,Complete diet. protein vegetables and carbs,I eat whatever is offered at egan or at the laker,2,nan,5,1,lebanese or greek,1,"steak, spaghetti, salmon",5,4,steak or salmon with broccoli or asparagus and brown rice or quinoa,High protein with lots of vegetables and fruit,6,2,4,1,3,1,"hockey, soccer, golf",1,175
3.5,2,nan,"Doritos, mac and cheese, ice cream","Boredom, hunger, snacking.",3,1,"I eat usually 2 times a day, either breakfast and dinner or lunch and dinner.  I feel that is enough for me.",Food is readily available so I don't have to cook so it's easier to eat a lot.,2,3,4,1,American,3,Macaroni and Cheese,4,3,a balance of Meat and vegetables,I like the diet I have now.  I could eat 3 times a day but I feel healthy as is.,5,2,3,1,2,1,Wrestling,2,184
3.92,2,3,"Ice cream, cake, pop, pizza, and milkshakes.","Happiness, sadness, celebration.",2,2,Currently whatever Egan has at the moment.,I've eaten more fruits and vegetables. Started eating seafood.,2,2,4,2,Italian,3,Pizza,3,1,Modest proportions of many different food groups.,"Variety of fruits, vegetables, and meats in healthy proportion.",6,1,2,1,6,2,Soccer,1,210
3.9,1,3,"Mac and Cheese, Pizza, Ice Cream and French Fries ","Boredom, anger and just being hungry in general.",3,1,I try to maintain a healthy diet. I always try to eat foods that are beneficial to my health and that will impact me in the long run.,Coming to college I definitely have tried to change my eating habits in order to maintain my weight and be more healthy. ,2,2,3,1,Italian,1,"Chicken Parm, Spaghetti, and Grilled Cheese",5,2,It combines a protein with other elements of the diet such as vegetables and other items that support the body.,"I want to aim to eat foods that are healthy and nutritious. Since I workout a lot, I want to eat foods that will replenish the nutrients my body needs in order to function. ",5,1,4,1,3,1,Running ,2,155
3.9,2,3,"Soup, pasta, cake","Depression, comfort, accessibility ",4,6,Somewhat unhealthy. This is due to my hectic work and school schedule.,When I was on campus (which I am not anymore) I ate way more fruits and vegetables since I had easy access to them.,5,3,5,2,Italian,nan,"Chicken parmigiana, wedding soup, pasta",5,4,"Well balanced with protein, fruits, vegetables, starch, etc.",My ideal diet would be one that is well balanced. It would include lots of fruits and vegetables.,6,2,3,4,4,1,Tennis,1,185
3.2,1,4,"mac & cheese, frosted brownies, chicken nuggs","they are yummy, my boyfriend sometimes makes me sad, boredom",4,2,"i drink alot of lemon water, and milk. i also eat ice cream frequently after dinner. but i also eat lots of fruits and veggies",eat more salads,3,2,3,nan,italian,1,"chicken, macaroni & cheese, cheesy potatoes",5,1,"lean meat, fresh fruits & veggies",ideal diet would be less sweets and carbohydrates. ,4,2,2,1,3,1,softball,1,165
3.5,1,3,"watermelon, grapes, ice cream","Sad, bored, excited",3,1,I typically eat very healthy. i consume fruits and vegetables in about every meal. ,I consume a lot more grapefuit since I've come to college. The meals here are also more greasy than I am used to. ,2,2,5,2,Italian ,1,"Spaghetti, Tuna noodle casserole, Italian sausage",5,1,"water, fruits, vegetables, protein, carbs","Although I don't eat junk food very often, i would love not to have those days where I eat a lot. ",2,2,2,1,2,1,"Volleyball, Track",2,125
3.4,1,nan,"macaroni and cheese, stuffed peppers, hamburgers, french fries","boredom, stress, mood swings",3,1,At this time it is very touch and go. Some days I live on sandwiches and ice cream while other days I eat lots of fruits and vegetables. ,I eat a lot more carbs than I did when I lived at home.,2,2,5,3,sushi,3,"chicken nuggets, macaroni and cheese",5,1,More vegetables and fruits as opposed to meat and bread/potatoes,"If at all possible, I would like to be able to eat a lot healthier. I would like to eat more fruits and vegetables with the hope of eventually going vegetarian.",5,1,4,1,5,2,nan,2,160
nan,1,4,"Pizza, mashed potatoes, spaghetti","Anger, sadness",2,1,"A very healthy diet. Avoiding junk foods, and any white breads. ","Avoiding ""easy options"" such as junk foods ",3,3,5,1,Italian,3,Pizza,5,2,"A protein, veggies, and a carb","A very healthy diet, with the occasional splurging on junk foods. ",nan,1,5,1,4,2,nan,1,135
3.7,1,3,"dark chocolate, terra chips, reese's cups(dark chocolate), and bread/crackers with cottage cheese","Anxiousness, watching TV I desire ""comfort food"" ",2,1,I have been eating mainly proteins and some fruits and vegetables every day with some less healthy snack foods.  ,"Coming to college I have ate less well colored meals each day due to lack of income and desire to save money. I used to eat more fruits and vegetables, more chicken and salmon, now these habits have lightened up and are not as frequent and regular in the week. I have also started eating more bread and dairy products.",2,2,5,2,Indian food,1,Tortellini and Broccoli with parmesan cheese and homemade breaded chicken with sweet potato,5,3,"Salmon, sweet potato, and larger portion, but equally spread of broccoli, squash, zucchini, carrots, and tomatoes.","I would like my diet to fulfill all the colors of the rainbow, with mainly fruits and vegetables as the primary source of intake, and about one fourth intake of proteins, and little to no snacks per day.  ",4,1,4,1,6,2,"When I can, rarely though play pool, darts, and basketball.",1,130
Unknown,1,3,"Chips, chocolate, ,mozzarella sticks ","Boredom, sadness, anxiety",4,1,"High in carbs, but I have recently tried to cut down on fats, salt, and sugars. I choose more organic options as well as more fruits and vegetables. ",I've definitely gotten used to eating more often since I have a fully cooked meal available to me at all the time.  Sometimes I would only eat one full meal and a snack in high school because I was so busy and did not have the time to cook. ,2,2,4,nan,Italian ,3,"Chicken Marsala, Manicotti, Mashed Potatoes",4,1,"Vegetables, white meat, and a starch like potatoes, water, and fruit for dessert ","A low car, low fat diet with no red meat and lots of plant-based things. I would like to cut red meat out entirely and also cut down on processed snack foods. ",5,1,4,1,5,2,None at the moment,1,230
3,1,3,"ice cream, chips, candy","Boredom, laziness, anger",3,1,"Since I am a college student I rarely cook full meals with protein, vegetables and starch. I usually just heat up leftovers from a restaurant or go eat casual food at the dining hall.",I do not eat full meals. Rarely eat 3 meals a day. ,3,nan,4,2,Italian,3,"hot dogs, chicken fingers, mashed potatoes",3,4,"I think a healthy meals includes some kind of protein, preferably meat, vegetables, and a starch such as potatoes or rice","My ideal diet right now would be how it was when I lived at home. I ate breakfast every morning, brought a lunch to school, and had a home cooked meal by my mom that included meat, vegetables and a starch. ",4,2,2,2,3,1,volleyball,2,125
3,1,3,"Pizza, soda, chocolate brownie, chicken tikka masala and butter naan ",Stress and sadness,2,nan,"It is pretty balanced with a diverse mixture of proteins, carbohydrates, vitamins and minerals. Fruits and chicken dominate my diet. ","I have been drinking more water. Since college, I've been more conscious about my diet and incorporated more fruits on my diet. ",5,nan,5,2,Nepali,1,"Chicken Biryani, Dad's burgers, Chicken curry",5,1,A healthy meal constitutes of balanced diet with fruits and veggies dominating the plate. ,My ideal diet would getting to eat small portioned meals in every 2-3 hours. ,1,1,4,1,4,2,None,2,130
3.8,1,3,"Chocolate, Pasta, Cookies","I am always stressed out, and bored when I am in my apartment. ",2,1,I try to eat a balanced meal. I refrain from anything too fatty. ,My diet could improve now. I have been eating more than I should.,2,2,4,1,I really love italian food and thai food,3,dino chicken nuggets,4,2,To me a healthy meal is balanced and ,I would like to try to eat vegan. ,4,1,2,1,4,2,I used to play softball ,2,165
3.8,1,2,"Candy, salty snacks, toast","Stress, sadness, boredom",5,1,moderately health conscious ,Late night snacking,2,3,2,1,Italian,2,Spaghetti and chicken parm,5,2,"equal portions of carbs, proteins and fruits/veges","Small portions, healthy foods",6,2,4,1,3,1,Ice hockey,2,128
3.4,1,3,"Mac in cheese, pizza, mozzarella sticks ","Stress, frustration, self-consciousness ",2,1,"protein, carbs, less fruits and vegetables, some sweets ",I snack less and eat smaller portions ,3,2,2,3,Italian ,2,Chicken parm. ,4,2,Salad with chicken and vegetables with a raspberry vinaigrette ,Much more vegetables and lean protein,6,1,4,1,5,2, None,1,200
3.7,1,3,"Ice-cream, pizza, chocolate",Sadness and cravings,3,2,I eat at least 2 times a day at the universities dining places. I also sometimes cook myself and try to eat healthy a majority of the time. ,I eat out more. ,4,3,3,2,Italian,1,Spaghetti,3,4,"It includes a protein, vegetable, fruit, and grain. ",I hope to continue to eat healthy and cook more on my own. I want to incorporate more fruits and vegetables. ,3,2,3,2,3,1,Volleyball,2,160
2.9,2,2,"snacks, chips, ",boredom,2,nan,some healthy food and also some not so healthy.,more healthy food,2,2,3,2,nan,1,"Pizza, Pita, Lasagna",3,3,low calories plenty of veggies,more healthy food such as vegetables than bad food such as burgers.,5,1,4,3,3,2,nan,2,170
3.9,1,4,"Chocolate, Ice cream, pizza","Sadness, happiness and boredom",1,1,I eat a lot of proteins and fruit and vegetables. I try to stay away from carbohydrates and sugary foods.,I had to change a lot. I keep track of calories and cut out most breads and wraps.,4,3,5,1,Italian ,3,"Mac & Cheese, Chicken, Stir Fry ",5,4,A pice of meat such as chicken with a side of vegetables and possibly a salad,I wouldn't want or crave any sweets or breads.I would be satisfied with protein and fruit and veggies. ,6,2,4,1,3,2,nan,2,129
3.6,1,2,"ice cream, pizza, Chinese food ",Boredom and sadness,2,1,"My current diet would be considered a ""college diet"". I eat a lot of pizza and ramen noodles. ",They have gotten very bad. I eat a lot more food that I know I should not eat. ,3,2,3,2,Italian ,1,Mac and Cheese ,4,4,"Blackened Chicken, broccoli, and milk",My ideal diet would be a healthy diet. I would eat meats and veggies. ,6,2,4,1,4,2,None,2,170
2.8,2,3,"Burgers, indian and korean food","sadness, happiness and hunger",3,4,Not very healthy,not eating meals on time,3,3,4,2,Korean,3,"Dumplings, Chicken Curry and Pizza",4,2,"Meat, greens and food containing protein",Healthy and tasty,3,2,3,1,1,1,"Tennis, Basketball",2,138
3.3,2,4,"chocolate bar, ice cream, pretzels, potato chips and protein bars.","Stress, boredom and physical activity",4,1,I currently eat an abundance of carbohydrates. I have a low intake of protein. I overly intake calcium.,Eating more dairy due to more ice cream intake.,2,2,2,1,I do not like cuisine,3,"Pasta, Pizza, Popcorn",5,1,Intaking the proper amount of each food group,"My ideal diet would be an equal balance of all the food groups. I would like to eat more protein. Also, i would prefer to cut back on the junk food.",6,2,1,1,2,1,Hockey,2,150
3.4,1,nan,"Ice cream, chocolate, pizza, cucumber ","loneliness, homework, boredom ",3,nan,"It is very unbalance. Mostly fat food, Lack of vegetables.",less vegetable more sweats,4,3,4,2,Chinese ,2,"Fry Chicken, Rice Vegetable",5,1,BBQ Chicken with mash sweat potatoes and steam vegetable with corn and a glass of water.,Very healthy. Freshly done. properly cooked,1,1,2,1,4,2,none,1,170
3.77,1,nan,"Noodle ( any kinds of noodle), Tuna sandwich, and Egg.",When i'm  eating with my close friends/ Food smell or look good/ when I feel tired,3,4,I eat in dining hall of school everyday. I usually have both meat and a little vegetable in every meal. ,"I eat more vegetable. Since coming to college, I started to eat salads and tried to eat salads at least three times a week.",2,2,4,nan,Vietnamese cuisine,3,"Noodle, Wings, and Tiramisu",3,2,Including both vegetable and meat,My ideal diet should include both vegetable and meat. It is not only healthy but also delicious. ,2,1,2,1,4,2,"No, I don't play sport.",1,113
3.63,1,3,"Chinese, chips, cake",Stress and boredom ,3,1,Try to eat as healthy as possible. A few days where fast food comes into play because of classes. ,I try to eat more fruits and vegetables ,2,2,4,2,American ,1,Chinese,5,2,Chicken vegetables and fruit for dinner ,All home cooked. Healthy. Vegetables and fruit. ,3,2,2,3,4,2,None,2,140
3.2,2,3,"chips, rice, chicken curry,","Happiness, boredom, social event",2,5,"My diet is mostly whatever I get to eat in the grotto commons. Sometimes, I eat outside",Started eating a lot of protein rich food that i didnt before.,2,2,5,2,Indian,3,"pizza, burger, pasta",5,4,A diet that is well balanced in most of the nutrients needed for the body.,Healthy balanced diet that tastes well.,2,2,2,1,4,1,Soccer,2,185
3.5,1,4,"wine. mac and cheese, pizza, ice cream ",boredom and sadness ,3,1,"My diet consists mainly of coffee, water, fruits, vegetables, and chicken. I tend to stay away from bread and pasta as much as possible. ","I have noticed there is less time for a prepared meal, so quick and easy has become the norm.",2,1,4,2,Italian ,1,Stromboli Mac and Cheese and Pizza,5,4,mainly protein and vegetables with a complex carb ,"My ideal diet would consist of a majority of what I consume now. I like to think I make pretty healthy choices currently, so it would most likely remain the same.",4,1,5,3,4,1,Softball,1,156
3,1,2,Pizza / Wings / Cheesecake,Loneliness / Homesick / Sadness,3,nan,A college student with an imbalanced diet trying to be healthy.,Eating Pizza as an excuse when there is nothing else to it.,4,3,3,2,Mexican Food,1,"Isombe , Plantains and Ugali",4,4,"A healthy meal is a variety of food , organic food that gives you the nutrients such as protein , carbohydrates , fat , water , vitamins and minerals.",Eating home cooked meals everyday and being able to not eat processed foods at all.,2,1,3,1,4,nan,basketball ,2,180
3.882,1,nan,"rice, potato, seaweed soup",sadness,3,nan,"Rice, oatmeal, and tea",less rice,3,3,5,2,Korean,1,Rice and potato,4,3,lots of vegetables,lots of veggies,2,1,3,1,4,2,none,2,120
3,2,4,"Mac n Cheese, Lasagna, Pizza","happiness, they are some of my favorite foods",3,1,"I try to eat as healthy as possible everyday.  I have fruit, yogurt and a protein shake everyday.  The other foods i eat vary on a day to day basis.",I don't eat as much on a daily basis since coming to college.,5,2,2,1,Italian,3,pizza and spaghetti ,5,1,"A protein, a fruit, a starch, and a salad or some sort of vegetable.",My ideal diet is the diet i am currently on.  The only thing i would change is a little bit less snack/junk food.,4,1,4,1,2,2,nan,1,135
3.9,1,nan,"Chocolates, pizza, and Ritz.","hormones, Premenstrual syndrome.",nan,3,high in protein and low in carbohydrates.,I have learned to eat more vegetables. ,1,2,3,2,HISPANIC CUISINE.,1,"rice, beans, and chicken / pizza/ tenders",3,3,"a cup of rice, vegetables, and meat. ","Being able to balance between sweets, vegetables, fruits, carbohydrates, and fat.",5,2,5,1,3,2,nan,2,135
